{"ROUGE_L": 0.5305563358733538, "SPICE": 0.18192453503785672, "Bleu_1": 0.7265445370658483, "CIDEr": 0.9344319786810804, "METEOR": 0.24906673137574212, "Bleu_3": 0.4132210702602478, "Bleu_2": 0.5546705368761391, "Bleu_4": 0.3062544587866622}