{"ROUGE_L": 0.4828562180959685, "SPICE": 0.15283338194750282, "Bleu_1": 0.6715694442340576, "CIDEr": 0.7473705448854533, "METEOR": 0.2180878719278075, "Bleu_3": 0.331291952800668, "Bleu_2": 0.48438761994295637, "Bleu_4": 0.22438569028118763}{"ROUGE_L": 0.5081669472382713, "SPICE": 0.1677544466980992, "Bleu_1": 0.70203330949218, "CIDEr": 0.8527917288157628, "METEOR": 0.23541113499992694, "Bleu_3": 0.3711624503988837, "Bleu_2": 0.5221183519154706, "Bleu_4": 0.26129534888129063}{"ROUGE_L": 0.5147697201903089, "SPICE": 0.17362543406180858, "Bleu_1": 0.7065536256136743, "CIDEr": 0.8777143770653838, "METEOR": 0.2412068075084978, "Bleu_3": 0.3775494536731857, "Bleu_2": 0.5282993695537518, "Bleu_4": 0.2668120403382705}{"ROUGE_L": 0.5187788451542253, "SPICE": 0.17670864878175666, "Bleu_1": 0.7098012053065812, "CIDEr": 0.8907558936129445, "METEOR": 0.24433797417120467, "Bleu_3": 0.38493814941002735, "Bleu_2": 0.5331869242561209, "Bleu_4": 0.27575152637203443}{"ROUGE_L": 0.5182843491434992, "SPICE": 0.17691760148005772, "Bleu_1": 0.7082599285246857, "CIDEr": 0.8942107416544544, "METEOR": 0.24513415961087462, "Bleu_3": 0.3842525341902717, "Bleu_2": 0.5323182529950116, "Bleu_4": 0.27493879698600626}{"ROUGE_L": 0.5194810224447608, "SPICE": 0.1787387343325988, "Bleu_1": 0.7110964072672871, "CIDEr": 0.8953957533128223, "METEOR": 0.2462584931880859, "Bleu_3": 0.3871559868994939, "Bleu_2": 0.5348919217918454, "Bleu_4": 0.2780191837307328}{"ROUGE_L": 0.5219922867633043, "SPICE": 0.18023775404175288, "Bleu_1": 0.7119652265011902, "CIDEr": 0.9060175923313355, "METEOR": 0.24792648167415068, "Bleu_3": 0.3901006273508808, "Bleu_2": 0.537185018849338, "Bleu_4": 0.2811064343643655}{"ROUGE_L": 0.5215771434248618, "SPICE": 0.1808039453389574, "Bleu_1": 0.7119570418952307, "CIDEr": 0.9037996812915929, "METEOR": 0.24800096139159022, "Bleu_3": 0.39030778813469114, "Bleu_2": 0.536699659005036, "Bleu_4": 0.2819694274334678}{"ROUGE_L": 0.5225096227291226, "SPICE": 0.18121003960304877, "Bleu_1": 0.7119991562622382, "CIDEr": 0.9054157001026498, "METEOR": 0.24866716883759188, "Bleu_3": 0.3905216629554269, "Bleu_2": 0.5372132383684343, "Bleu_4": 0.2814780265771866}{"ROUGE_L": 0.5221557946412023, "SPICE": 0.18139908604263374, "Bleu_1": 0.7124454236333237, "CIDEr": 0.9048915375268481, "METEOR": 0.24873213128484584, "Bleu_3": 0.3904285785017746, "Bleu_2": 0.5370460485326987, "Bleu_4": 0.2816386509422046}{"ROUGE_L": 0.5216477675197397, "SPICE": 0.18092054765534998, "Bleu_1": 0.7117912704512425, "CIDEr": 0.9046709434247863, "METEOR": 0.24836164708178035, "Bleu_3": 0.3896333732333694, "Bleu_2": 0.5363502966198649, "Bleu_4": 0.28081697685960566}